<?xml version="1.0" encoding="ISO-8859-1"?>
<metadata>
  <exportInfo>
    <exportTime>14/10/2025 08:18:05</exportTime>
    <systemVersion>4.35b129</systemVersion>
    <systemCharSet>ISO-8859-1</systemCharSet>
    <dbMetadata>
      <dbUser>SANKHYA</dbUser>
      <urlConnection><![CDATA[jdbc:oracle:thin:@10.110.136.25:1521/unikaservicosprd.sankhyacloud.com.br]]></urlConnection>
      <jdbcDriver><![CDATA[Oracle JDBC driver 19.26.0.0.0]]></jdbcDriver>
      <DBMS><![CDATA[Oracle - Oracle Database 19c EE High Perf Release 19.0.0.0.0 - Production
Version 19.26.0.0.0]]></DBMS>
    </dbMetadata>
  </exportInfo>
  <instances>
    <instance name="AD_EQUIPDISPCHAMADO" isUpdate="false">
      <instanceDescription><![CDATA[Equip. e Disposiivos]]></instanceDescription>
      <tipoForm><![CDATA[FF]]></tipoForm>
      <tableInfo name="AD_EQUIPDISPCHAMADO" sequenceType="A" sequenceField="SEQUENCIA">
        <category><![CDATA[Flow]]></category>
        <tableDescription><![CDATA[Equip. e Disposiivos]]></tableDescription>
        <primaryKey>
          <IDINSTPRN />
          <IDINSTTAR />
          <CODREGISTRO />
          <SEQUENCIA />
        </primaryKey>
      </tableInfo>
      <fields>
        <field name="IDTAREFA" systemField="N" dataType="S" presentationType="P" calculated="N" allowSearch="N" allowDefault="S" visibleOnSearch="S" allowNull="S">
          <description><![CDATA[Tarefa]]></description>
          <properties>
            <prop name="visivel"><![CDATA[N]]></prop>
          </properties>
        </field>
        <field name="IDINSTPRN" systemField="N" dataType="I" presentationType="P" calculated="N" allowSearch="S" allowDefault="S" visibleOnSearch="S" allowNull="N">
          <description><![CDATA[Inst. processo]]></description>
        </field>
        <field name="IDINSTTAR" systemField="N" dataType="I" presentationType="P" calculated="N" allowSearch="S" allowDefault="S" visibleOnSearch="S" allowNull="N">
          <description><![CDATA[Inst. tarefa]]></description>
        </field>
        <field name="CODREGISTRO" systemField="N" dataType="I" presentationType="P" calculated="N" allowSearch="S" allowDefault="S" visibleOnSearch="S" allowNull="N">
          <description><![CDATA[C�digo]]></description>
        </field>
        <field name="SEQUENCIA" systemField="N" dataType="I" presentationType="P" calculated="N" allowSearch="S" allowDefault="S" visibleOnSearch="S" allowNull="N">
          <description><![CDATA[Sequ�ncia]]></description>
        </field>
      </fields>
    </instance>
  </instances>
</metadata>

